"Data Source","World Development Indicators",

"Last Updated Date","2019-03-21",

"Country Name","Country Code","Indicator Name","Indicator Code","1960","1961","1962","1963","1964","1965","1966","1967","1968","1969","1970","1971","1972","1973","1974","1975","1976","1977","1978","1979","1980","1981","1982","1983","1984","1985","1986","1987","1988","1989","1990","1991","1992","1993","1994","1995","1996","1997","1998","1999","2000","2001","2002","2003","2004","2005","2006","2007","2008","2009","2010","2011","2012","2013","2014","2015","2016","2017","2018",
"Aruba","ABW","Agricultural irrigated land (% of total agricultural land)","AG.LND.IRIG.AG.ZS","","","","","","","","","","","","","","","","","","","","","","","","","","","","","","","","","","","","","","","","","","","","","","","","","","","","","","","","","","","",
"Afghanistan","AFG","Agricultural irrigated land (% of total agricultural land)","AG.LND.IRIG.AG.ZS","","","","","","","","","","","","","","","","","","","","","","","","","","","","","","","","","","","","","","","","","","5.6684237014277","4.62214923317352","7.25929833816935","5.50236079238216","5.84014771828014","6.08546557636508","5.94038512265893","5.77947771036666","4.84304932735426","5.00118699058321","5.39171722500659","5.46557636507518","5.51833289369559","5.74254814033237","5.71089422316012","6.4811395410182","","",
"Angola","AGO","Agricultural irrigated land (% of total agricultural land)","AG.LND.IRIG.AG.ZS","","","","","","","","","","","","","","","","","","","","","","","","","","","","","","","","","","","","","","","","","","","","","","","","","","","","","","","","","","","",
"Albania","ALB","Agricultural irrigated land (% of total agricultural land)","AG.LND.IRIG.AG.ZS","","","","","","","","","","","","","","","","","","","","","","","","","","","","","","","","","","","","","","","","","","","","","","","","17.426273458445","9.99153259949196","16.8151162731618","17.0232241478297","17.0108245671739","17.0398725237652","17.2879631150886","17.8277937425622","19.1603500506139","19.5734968781525","","",
"Andorra","AND","Agricultural irrigated land (% of total agricultural land)","AG.LND.IRIG.AG.ZS","","","","","","","","","","","","","","","","","","","","","","","","","","","","","","","","","","","","","","","","","","","","","","","","","","","","","","","","","","","",
"Arab World","ARB","Agricultural irrigated land (% of total agricultural land)","AG.LND.IRIG.AG.ZS","","","","","","","","","","","","","","","","","","","","","","","","","","","","","","","","","","","","","","","","","","","","","","","","","","","","","","","","","","","",
"United Arab Emirates","ARE","Agricultural irrigated land (% of total agricultural land)","AG.LND.IRIG.AG.ZS","","","","","","","","","","","","","","","","","","","","","","","","","","","","","","","","","","","","","","","","","","","","","","","","","","","19.1291221583433","18.0686146058758","12.601518715182","20.6555678425065","21.2903225806452","21.3512134239575","21.5534994040124","","",
"Argentina","ARG","Agricultural irrigated land (% of total agricultural land)","AG.LND.IRIG.AG.ZS","","","","","","","","","","","","","","","","","","","","","","","","","","","","","","","","","","","","","","","","","","","1.05353119415741","","","","","","","","","1.45804250038778","","","","","","","",
"Armenia","ARM","Agricultural irrigated land (% of total agricultural land)","AG.LND.IRIG.AG.ZS","","","","","","","","","","","","","","","","","","","","","","","","","","","","","","","","","","","","","","","","","","","","","","","8.76224047809527","8.82470483184242","8.90667830271452","8.92172013373698","8.9452447808785","9.10429352371731","9.17409351731931","9.16221015735246","9.19854885434608","9.22645681716153","9.23187014217608","","",
"American Samoa","ASM","Agricultural irrigated land (% of total agricultural land)","AG.LND.IRIG.AG.ZS","","","","","","","","","","","","","","","","","","","","","","","","","","","","","","","","","","","","","","","","","","","","","","","","","","","","","","","","","","","",
"Antigua and Barbuda","ATG","Agricultural irrigated land (% of total agricultural land)","AG.LND.IRIG.AG.ZS","","","","","","","","","","","","","","","","","","","","","","","","","","","","","","","","","","","","","","","","","","","","","","","","","","","","","","","","","","","",
"Australia","AUS","Agricultural irrigated land (% of total agricultural land)","AG.LND.IRIG.AG.ZS","","","","","","","","","","","","","","","","","","","","","","","","","","","","","","","","","","","","","","","","","","0.549923195084485","0.569351230425056","0.541069397042093","0.545772647747154","0.540268539298078","0.585388285336552","0.451993070849855","0.443578535687583","0.430531820482166","0.461889708465051","0.479163124394381","0.528023991673942","0.599573421664097","0.577203773854269","0.587024784579941","0.578584556346644","","",
"Austria","AUT","Agricultural irrigated land (% of total agricultural land)","AG.LND.IRIG.AG.ZS","","","","","","","","","","","","","","","","","","","","","","","","","","","","","","","","","","","","","","","","","","","","1.17841559356305","","1.40016799623089","","1.55471532743448","","","0.952792170677418","","","1.91908419018631","","","1.43062059271926","","",
"Azerbaijan","AZE","Agricultural irrigated land (% of total agricultural land)","AG.LND.IRIG.AG.ZS","","","","","","","","","","","","","","","","","","","","","","","","","","","","","","","","","","","","","","","","","","29.985670320236","29.9900952451517","29.9289103346769","30.0321779496582","30.0508546768685","30.0357443229605","30.0557127212434","30.0523459815421","29.5251515198169","29.4767985474073","29.454566612651","29.5262479727054","29.6511406503525","29.7230411371588","30.0012591428615","29.8114398578265","","",
"Burundi","BDI","Agricultural irrigated land (% of total agricultural land)","AG.LND.IRIG.AG.ZS","","","","","","","","","","","","","","","","","","","","","","","","","","","","","","","","","","","","","","","","","","","","","","","","","","","","","","","","","","","",
"Belgium","BEL","Agricultural irrigated land (% of total agricultural land)","AG.LND.IRIG.AG.ZS","","","","","","","","","","","","","","","","","","","","","","","","","","","","","","","","","","","","","","","","","","","","0.136474647521631","","0.245842378551513","","0.417001953870659","","","","","","0.42648707888254","","","","","",
"Benin","BEN","Agricultural irrigated land (% of total agricultural land)","AG.LND.IRIG.AG.ZS","","","","","","","","","","","","","","","","","","","","","","","","","","","","","","","","","","","","","","","","","","","0.511144153430594","","","","","","0.269956464172275","","","","","","","","","","",
"Burkina Faso","BFA","Agricultural irrigated land (% of total agricultural land)","AG.LND.IRIG.AG.ZS","","","","","","","","","","","","","","","","","","","","","","","","","","","","","","","","","","","","","","","","","","","","","","","","","","","","","","","","","","","",
"Bangladesh","BGD","Agricultural irrigated land (% of total agricultural land)","AG.LND.IRIG.AG.ZS","","","","","","","","","","","","","","","","","","","","","","","","","","","","","","","","","","","","","","","","","","","","","51.346133218921","51.1223284287402","52.6185344827586","","","","","","","58.9920948616601","59.3691614463128","59.4614402224483","59.7114925950658","","",
"Bulgaria","BGR","Agricultural irrigated land (% of total agricultural land)","AG.LND.IRIG.AG.ZS","","","","","","","","","","","","","","","","","","","","","","","","","","","","","","","","","","","","","","","","","","","","1.48328952309425","","1.02564102564103","","1.42689601250977","","","1.78147268408551","","","1.97597591487972","","","","","",
"Bahrain","BHR","Agricultural irrigated land (% of total agricultural land)","AG.LND.IRIG.AG.ZS","","","","","","","","","","","","","","","","","","","","","","","","","","","","","","","","","","","","","","","","","","43.4782617709587","","","","","","","","","","","","","","","","","",
"Bahamas, The","BHS","Agricultural irrigated land (% of total agricultural land)","AG.LND.IRIG.AG.ZS","","","","","","","","","","","","","","","","","","","","","","","","","","","","","","","","","","","","","","","","","","","","","","","","","","","","","","","","","","","",
"Bosnia and Herzegovina","BIH","Agricultural irrigated land (% of total agricultural land)","AG.LND.IRIG.AG.ZS","","","","","","","","","","","","","","","","","","","","","","","","","","","","","","","","","","","","","","","","","","","","","","","","","","","","","","","","","","","",
"Belarus","BLR","Agricultural irrigated land (% of total agricultural land)","AG.LND.IRIG.AG.ZS","","","","","","","","","","","","","","","","","","","","","","","","","","","","","","","","","","","","","","","","","","1.25985977212971","1.27423822714681","1.26864010683285","1.27274757173161","1.27388535031847","1.23911587407904","1.24495289367429","0.594370303913872","0.526492662708637","0.337154416722859","0.344788736692616","0.34106412005457","0.339792447858074","0.344391741760216","0.352219449919653","0.355104463340995","","",
"Belize","BLZ","Agricultural irrigated land (% of total agricultural land)","AG.LND.IRIG.AG.ZS","","","","","","","","","","","","","","","","","","","","","","","","","","","","","","","","","","","","","","","","","","","","","","","","","","","","","","","","","","","",
"Bermuda","BMU","Agricultural irrigated land (% of total agricultural land)","AG.LND.IRIG.AG.ZS","","","","","","","","","","","","","","","","","","","","","","","","","","","","","","","","","","","","","","","","","","","","","","","","","","","","","","","","","","","",
"Bolivia","BOL","Agricultural irrigated land (% of total agricultural land)","AG.LND.IRIG.AG.ZS","","","","","","","","","","","","","","","","","","","","","","","","","","","","","","","","","","","","","","","","","","","","","","","","","0.731225839945354","","","0.790797987059669","","","0.710837621346348","","","","",
"Brazil","BRA","Agricultural irrigated land (% of total agricultural land)","AG.LND.IRIG.AG.ZS","","","","","","","","","","","","","","","","","","","","","","","","","","","","","","","","","","","","","","","","","","","","","","","1.63279371224119","1.63968222413653","","","","","","","","","","","",
"Barbados","BRB","Agricultural irrigated land (% of total agricultural land)","AG.LND.IRIG.AG.ZS","","","","","","","","","","","","","","","","","","","","","","","","","","","","","","","","","","","","","","","","","","","","","","","","","","","","","","","","","","","",
"Brunei Darussalam","BRN","Agricultural irrigated land (% of total agricultural land)","AG.LND.IRIG.AG.ZS","","","","","","","","","","","","","","","","","","","","","","","","","","","","","","","","","","","","","","","","","","","0.909090922637418","0.909090922637418","0.909090922637418","0.909090922637418","0","0.877193024880189","","","","","","","","","","","",
"Bhutan","BTN","Agricultural irrigated land (% of total agricultural land)","AG.LND.IRIG.AG.ZS","","","","","","","","","","","","","","","","","","","","","","","","","","","","","","","","","","","","","","","","","","","","7.07635009310987","6.50684931506849","6.40809443507589","6.58578856152513","6.74955595026643","","","","","","","","","","","",
"Botswana","BWA","Agricultural irrigated land (% of total agricultural land)","AG.LND.IRIG.AG.ZS","","","","","","","","","","","","","","","","","","","","","","","","","","","","","","","","","","","","","","","","","","","","0.000542719803830229","0.00116157514198679","0.00773948880676431","0.0011626555513736","0.000814458553535095","0.00579575750550597","0.00254649288612564","0.00290011987162136","0.00134999611987787","0.00424923716089875","0.00425055073164288","0.0096150148071228","","","","",
"Central African Republic","CAF","Agricultural irrigated land (% of total agricultural land)","AG.LND.IRIG.AG.ZS","","","","","","","","","","","","","","","","","","","","","","","","","","","","","","","","","","","","","","","","","","","","","","","","","","","","","","","","","","","",
"Canada","CAN","Agricultural irrigated land (% of total agricultural land)","AG.LND.IRIG.AG.ZS","","","","","","","","","","","","","","","","","","","","","","","","","","","","","","","","","","","","","","","","","","","","","","1.25057348784206","","","","","1.21703337988173","","","","","1.44359219243756","","","",
"Central Europe and the Baltics","CEB","Agricultural irrigated land (% of total agricultural land)","AG.LND.IRIG.AG.ZS","","","","","","","","","","","","","","","","","","","","","","","","","","","","","","","","","","","","","","","","","","","","","","","","","","","","","","","","","","","",
"Switzerland","CHE","Agricultural irrigated land (% of total agricultural land)","AG.LND.IRIG.AG.ZS","","","","","","","","","","","","","","","","","","","","","","","","","","","","","","","","","","","","","","","","","","","","","","","","","","","2.3589209786816","","","2.24935726924274","","","2.16297166495447","","",
"Channel Islands","CHI","Agricultural irrigated land (% of total agricultural land)","AG.LND.IRIG.AG.ZS","","","","","","","","","","","","","","","","","","","","","","","","","","","","","","","","","","","","","","","","","","9.33333317438761","14.8648649954814","12.1621616832351","6.66666666666667","3.94736862743991","","","0.740740689298691","3.29545437920193","3.51648329047389","4.27083312637276","3.15789486232557","3.71549884506194","3.58649810120216","3.69565228940409","3.69565228940409","","",
"Chile","CHL","Agricultural irrigated land (% of total agricultural land)","AG.LND.IRIG.AG.ZS","","","","","","","","","","","","","","","","","","","","","","","","","","","","","","","","","","","","","","","","","","","","","","","","6.95397915077549","","","","","","","","","","","",
"China","CHN","Agricultural irrigated land (% of total agricultural land)","AG.LND.IRIG.AG.ZS","","","","","","","","","","","","","","","","","","","","","","","","","","","","","","","","","","","","","","","","","","","","9.18038567578512","","","10.4821126051041","","","","","10.4910475694438","","","","","","","",
"Cote d'Ivoire","CIV","Agricultural irrigated land (% of total agricultural land)","AG.LND.IRIG.AG.ZS","","","","","","","","","","","","","","","","","","","","","","","","","","","","","","","","","","","","","","","","","","","","","","","","","","","","","","","","","","","",
"Cameroon","CMR","Agricultural irrigated land (% of total agricultural land)","AG.LND.IRIG.AG.ZS","","","","","","","","","","","","","","","","","","","","","","","","","","","","","","","","","","","","","","","","","","","","","","","","","","","","","","","","","","","",
"Congo, Dem. Rep.","COD","Agricultural irrigated land (% of total agricultural land)","AG.LND.IRIG.AG.ZS","","","","","","","","","","","","","","","","","","","","","","","","","","","","","","","","","","","","","","","","","","","","","","","","","","","","","","","","","","","",
"Congo, Rep.","COG","Agricultural irrigated land (% of total agricultural land)","AG.LND.IRIG.AG.ZS","","","","","","","","","","","","","","","","","","","","","","","","","","","","","","","","","","","","","","","","","","","","","","","","","","","","","","","","","","","",
"Colombia","COL","Agricultural irrigated land (% of total agricultural land)","AG.LND.IRIG.AG.ZS","","","","","","","","","","","","","","","","","","","","","","","","","","","","","","","","","","","","","","","","","","","","","","","","","","","","0.944368543419381","","1.45172652581403","","","","","",
"Comoros","COM","Agricultural irrigated land (% of total agricultural land)","AG.LND.IRIG.AG.ZS","","","","","","","","","","","","","","","","","","","","","","","","","","","","","","","","","","","","","","","","","","","","","","","","","","","","","","","","","","","",
"Cabo Verde","CPV","Agricultural irrigated land (% of total agricultural land)","AG.LND.IRIG.AG.ZS","","","","","","","","","","","","","","","","","","","","","","","","","","","","","","","","","","","","","","","","","","","","","4.64","","","","","","","","","","","","","","",
"Costa Rica","CRI","Agricultural irrigated land (% of total agricultural land)","AG.LND.IRIG.AG.ZS","","","","","","","","","","","","","","","","","","","","","","","","","","","","","","","","","","","","","","","","","","","","","","1.43490304709141","1.50413223140496","1.55555555555556","1.5170105967652","1.50330396475771","1.54480483782298","","","","","","","","",
"Caribbean small states","CSS","Agricultural irrigated land (% of total agricultural land)","AG.LND.IRIG.AG.ZS","","","","","","","","","","","","","","","","","","","","","","","","","","","","","","","","","","","","","","","","","","","","","","","","","","","","","","","","","","","",
"Cuba","CUB","Agricultural irrigated land (% of total agricultural land)","AG.LND.IRIG.AG.ZS","","","","","","","","","","","","","","","","","","","","","","","","","","","","","","","","","","","","","","","","","","","","","","","","","","","","","","","","","","","",
"Curacao","CUW","Agricultural irrigated land (% of total agricultural land)","AG.LND.IRIG.AG.ZS","","","","","","","","","","","","","","","","","","","","","","","","","","","","","","","","","","","","","","","","","","","","","","","","","","","","","","","","","","","",
"Cayman Islands","CYM","Agricultural irrigated land (% of total agricultural land)","AG.LND.IRIG.AG.ZS","","","","","","","","","","","","","","","","","","","","","","","","","","","","","","","","","","","","","","","","","","","","","","","","","","","","","","","","","","","",
"Cyprus","CYP","Agricultural irrigated land (% of total agricultural land)","AG.LND.IRIG.AG.ZS","","","","","","","","","","","","","","","","","","","","","","","","","","","","","","","","","","","","","","","","","","25","25","23.3766233766234","21.7948717948718","20.9580838323353","21.0191082802548","20.2445651188014","21.1072663846035","22.4137936704366","21.8340611353712","21.4101452838732","20.9580835587725","21.317651725261","21.1965495227707","19.6847305787457","22.2558529266297","","",
"Czech Republic","CZE","Agricultural irrigated land (% of total agricultural land)","AG.LND.IRIG.AG.ZS","","","","","","","","","","","","","","","","","","","","","","","","","","","","","","","","","","","","","","","","","","","","0.395877245690567","","0.39906103286385","","0.470698987997176","0.235626767200754","0.259495163953763","0.448748228625413","0.472925041380941","0.473372781065089","0.511218403862539","0.511945392491468","","","","",
"Germany","DEU","Agricultural irrigated land (% of total agricultural land)","AG.LND.IRIG.AG.ZS","","","","","","","","","","","","","","","","","","","","","","","","","","","","","","","","","","","","","","","","","","","","","","","1.38439753395206","","","2.20893047494966","","","","2.18961493743496","","","2.71237310315765","","",
"Djibouti","DJI","Agricultural irrigated land (% of total agricultural land)","AG.LND.IRIG.AG.ZS","","","","","","","","","","","","","","","","","","","","","","","","","","","","","","","","","","","","","","","","","","","","","","","","","","","","","","","","","","","",
"Dominica","DMA","Agricultural irrigated land (% of total agricultural land)","AG.LND.IRIG.AG.ZS","","","","","","","","","","","","","","","","","","","","","","","","","","","","","","","","","","","","","","","","","","","","","","","","","","","","","","","","","","","",
"Denmark","DNK","Agricultural irrigated land (% of total agricultural land)","AG.LND.IRIG.AG.ZS","","","","","","","","","","","","","","","","","","","","","","","","","","","","","","","","","","","","","","","","","","7.62331838565022","7.65478424015009","7.58088788562829","7.70975056689342","9.67861100849649","9.66789667896679","9.5381149079985","9.52023988005997","9.64312832194381","12.1477532368621","","","9.2755845151399","","","4.83870967741936","","",
"Dominican Republic","DOM","Agricultural irrigated land (% of total agricultural land)","AG.LND.IRIG.AG.ZS","","","","","","","","","","","","","","","","","","","","","","","","","","","","","","","","","","","","","","","","","","8.90218685445917","7.92127241434207","7.77412743539047","8.94497298089541","9.93793946827646","9.19321460274067","8.89532478278858","8.85273245507893","8.96954526491448","8.65665415102211","8.69420083005774","","","","","","","",
"Algeria","DZA","Agricultural irrigated land (% of total agricultural land)","AG.LND.IRIG.AG.ZS","","","","","","","","","","","","","","","","","","","","","","","","","","","","","","","","","","","","","","","","","","","","1.80926537846695","1.92733017377567","2.00189269855136","2.0276341031058","2.19383302627751","2.07150976954931","2.13711944624328","2.38125385677751","2.38477338785548","2.51924059607072","2.62963277235657","2.76918261405259","","","","",
"East Asia & Pacific (excluding high income)","EAP","Agricultural irrigated land (% of total agricultural land)","AG.LND.IRIG.AG.ZS","","","","","","","","","","","","","","","","","","","","","","","","","","","","","","","","","","","","","","","","","","","","","","","","","","","","","","","","","","","",
"Early-demographic dividend","EAR","Agricultural irrigated land (% of total agricultural land)","AG.LND.IRIG.AG.ZS","","","","","","","","","","","","","","","","","","","","","","","","","","","","","","","","","","","","","","","","","","","","","","","","","","","","","","","","","","","",
"East Asia & Pacific","EAS","Agricultural irrigated land (% of total agricultural land)","AG.LND.IRIG.AG.ZS","","","","","","","","","","","","","","","","","","","","","","","","","","","","","","","","","","","","","","","","","","","","","","","","","","","","","","","","","","","",
"Europe & Central Asia (excluding high income)","ECA","Agricultural irrigated land (% of total agricultural land)","AG.LND.IRIG.AG.ZS","","","","","","","","","","","","","","","","","","","","","","","","","","","","","","","","","","","","","","","","","","","","","","","","","","","","","","","","","","","",
"Europe & Central Asia","ECS","Agricultural irrigated land (% of total agricultural land)","AG.LND.IRIG.AG.ZS","","","","","","","","","","","","","","","","","","","","","","","","","","","","","","","","","","","","","","","","","","","","","","","","","","","","","","","","","","","",
"Ecuador","ECU","Agricultural irrigated land (% of total agricultural land)","AG.LND.IRIG.AG.ZS","","","","","","","","","","","","","","","","","","","","","","","","","","","","","","","","","","","","","","","","","","","8.58477970627503","9.26896551724138","9.52570745316859","10.0266666666667","10.2229983879635","10.7528332433891","10.1813297515111","12.6353792251438","12.5638525876099","12.7686798101113","12.6283820529433","12.5781977904965","16.7806195837934","","16.1348803480783","","",
"Egypt, Arab Rep.","EGY","Agricultural irrigated land (% of total agricultural land)","AG.LND.IRIG.AG.ZS","","","","","","","","","","","","","","","","","","","","","","","","","","","","","","","","","","","","","","","","","","","","","","","","","","","","","","","","","","","",
"Euro area","EMU","Agricultural irrigated land (% of total agricultural land)","AG.LND.IRIG.AG.ZS","","","","","","","","","","","","","","","","","","","","","","","","","","","","","","","","","","","","","","","","","","","","","","","","","","","","","","","","","","","",
"Eritrea","ERI","Agricultural irrigated land (% of total agricultural land)","AG.LND.IRIG.AG.ZS","","","","","","","","","","","","","","","","","","","","","","","","","","","","","","","","","","","","","","","","","","","","","","","","","","","","","","","","","","","",
"Spain","ESP","Agricultural irrigated land (% of total agricultural land)","AG.LND.IRIG.AG.ZS","","","","","","","","","","","","","","","","","","","","","","","","","","","","","","","","","","","","","","","","","","12.6253387533875","12.8488391855604","12.2697492539361","11.7436620687283","11.7096420244137","11.6031174640897","11.8483073846593","11.9387394244479","11.4658562745799","12.0021782537666","12.1196416672836","13.0057159824809","14.1846098140786","14.4028896079464","13.5398563463022","13.7597711279519","","",
"Estonia","EST","Agricultural irrigated land (% of total agricultural land)","AG.LND.IRIG.AG.ZS","","","","","","","","","","","","","","","","","","","","","","","","","","","","","","","","","","","","","","","","","","","","","","0.0680349254146466","","","","","0.0316188886783997","","","0.0310880841368838","","","0.199401794616152","","",
"Ethiopia","ETH","Agricultural irrigated land (% of total agricultural land)","AG.LND.IRIG.AG.ZS","","","","","","","","","","","","","","","","","","","","","","","","","","","","","","","","","","","","","","","","","","0.323472324284068","0.324611449931143","0.381561041775939","0.36705839702728","0.43731950193946","0.393056489085011","0.512586603905003","0.476255309933034","0.441331981982232","0.510046800997674","0.453128983855798","","","","","","","",
"European Union","EUU","Agricultural irrigated land (% of total agricultural land)","AG.LND.IRIG.AG.ZS","","","","","","","","","","","","","","","","","","","","","","","","","","","","","","","","","","","","","","","","","","","","","","","","","","","","","","","","","","","",
"Fragile and conflict affected situations","FCS","Agricultural irrigated land (% of total agricultural land)","AG.LND.IRIG.AG.ZS","","","","","","","","","","","","","","","","","","","","","","","","","","","","","","","","","","","","","","","","","","","","","","","","","","","","","","","","","","","",
"Finland","FIN","Agricultural irrigated land (% of total agricultural land)","AG.LND.IRIG.AG.ZS","","","","","","","","","","","","","","","","","","","","","","","","","","","","","","","","","","","","","","","","","","2.88028802880288","2.86225402504472","2.84951024042743","2.84065690190857","2.81467141462084","","","","","0.655351503021746","","","0.420633163604162","","","","","",
"Fiji","FJI","Agricultural irrigated land (% of total agricultural land)","AG.LND.IRIG.AG.ZS","","","","","","","","","","","","","","","","","","","","","","","","","","","","","","","","","","","","","","","","","","","","","","","","","","","","","","","","","","","",
"France","FRA","Agricultural irrigated land (% of total agricultural land)","AG.LND.IRIG.AG.ZS","","","","","","","","","","","","","","","","","","","","","","","","","","","","","","","","","","","","","","","","","","","","","","5.77195275282871","","5.1759734144255","","","5.47460246493886","","","4.94757370181402","","","","","",
"Faroe Islands","FRO","Agricultural irrigated land (% of total agricultural land)","AG.LND.IRIG.AG.ZS","","","","","","","","","","","","","","","","","","","","","","","","","","","","","","","","","","","","","","","","","","","","","","","","","","","","","","","","","","","",
"Micronesia, Fed. Sts.","FSM","Agricultural irrigated land (% of total agricultural land)","AG.LND.IRIG.AG.ZS","","","","","","","","","","","","","","","","","","","","","","","","","","","","","","","","","","","","","","","","","","","","","","","","","","","","","","","","","","","",
"Gabon","GAB","Agricultural irrigated land (% of total agricultural land)","AG.LND.IRIG.AG.ZS","","","","","","","","","","","","","","","","","","","","","","","","","","","","","","","","","","","","","","","","","","","","","","","","","","","","","","","","","","","",
"United Kingdom","GBR","Agricultural irrigated land (% of total agricultural land)","AG.LND.IRIG.AG.ZS","","","","","","","","","","","","","","","","","","","","","","","","","","","","","","","","","","","","","","","","","","","","1.33875914130691","","1.22906342236662","","0.783135926493126","","","0.38550860152043","","","0.284634385095983","","","","","",
"Georgia","GEO","Agricultural irrigated land (% of total agricultural land)","AG.LND.IRIG.AG.ZS","","","","","","","","","","","","","","","","","","","","","","","","","","","","","","","","","","","","","","","","","","","","","","","3.9714058776807","4.17163289630513","4.01750198886237","","","","","","","","","","",
"Ghana","GHA","Agricultural irrigated land (% of total agricultural land)","AG.LND.IRIG.AG.ZS","","","","","","","","","","","","","","","","","","","","","","","","","","","","","","","","","","","","","","","","","","","","","","0.0728476821192053","0.117647058823529","0.0714285714285714","","0.192307692307692","0.192061459667093","0.190839694656489","0.191082802547771","0.178343949044586","0.229299363057325","","","","",
"Gibraltar","GIB","Agricultural irrigated land (% of total agricultural land)","AG.LND.IRIG.AG.ZS","","","","","","","","","","","","","","","","","","","","","","","","","","","","","","","","","","","","","","","","","","","","","","","","","","","","","","","","","","","",
"Guinea","GIN","Agricultural irrigated land (% of total agricultural land)","AG.LND.IRIG.AG.ZS","","","","","","","","","","","","","","","","","","","","","","","","","","","","","","","","","","","","","","","","","","","","0.685446020410826","","","","","","","","","","","","","","","",
"Gambia, The","GMB","Agricultural irrigated land (% of total agricultural land)","AG.LND.IRIG.AG.ZS","","","","","","","","","","","","","","","","","","","","","","","","","","","","","","","","","","","","","","","","","","","","","","","","","","","","","","","","","","","",
"Guinea-Bissau","GNB","Agricultural irrigated land (% of total agricultural land)","AG.LND.IRIG.AG.ZS","","","","","","","","","","","","","","","","","","","","","","","","","","","","","","","","","","","","","","","","","","","","","","","","","","","","","","","","","","","",
"Equatorial Guinea","GNQ","Agricultural irrigated land (% of total agricultural land)","AG.LND.IRIG.AG.ZS","","","","","","","","","","","","","","","","","","","","","","","","","","","","","","","","","","","","","","","","","","","","","","","","","","","","","","","","","","","",
"Greece","GRC","Agricultural irrigated land (% of total agricultural land)","AG.LND.IRIG.AG.ZS","","","","","","","","","","","","","","","","","","","","","","","","","","","","","","","","","","","","","","","","","","","","15.8870576829859","","16.6146158650843","18.64428335241","18.6766413001419","18.6234817813765","18.2275132275132","18.3202029643477","18.6587344510546","18.9070438006316","19.1947434642807","20.2386711820674","19.9064365220197","19.6870925684485","","",
"Grenada","GRD","Agricultural irrigated land (% of total agricultural land)","AG.LND.IRIG.AG.ZS","","","","","","","","","","","","","","","","","","","","","","","","","","","","","","","","","","","","","","","","","","","","","","","","","2.8571428997176","","","","","","","","","","",
"Greenland","GRL","Agricultural irrigated land (% of total agricultural land)","AG.LND.IRIG.AG.ZS","","","","","","","","","","","","","","","","","","","","","","","","","","","","","","","","","","","","","","","","","","","","","","","","","","","","","","","","","","","",
"Guatemala","GTM","Agricultural irrigated land (% of total agricultural land)","AG.LND.IRIG.AG.ZS","","","","","","","","","","","","","","","","","","","","","","","","","","","","","","","","","","","","","","","","","","","","6.16311228482457","","","","","","","","","","","","","","","",
"Guam","GUM","Agricultural irrigated land (% of total agricultural land)","AG.LND.IRIG.AG.ZS","","","","","","","","","","","","","","","","","","","","","","","","","","","","","","","","","","","","","","","","","","","","","","","","","","","","","","","","","","","",
"Guyana","GUY","Agricultural irrigated land (% of total agricultural land)","AG.LND.IRIG.AG.ZS","","","","","","","","","","","","","","","","","","","","","","","","","","","","","","","","","","","","","","","","","","","","7.46487119437939","","","","","","","","","","","","","","","",
"High income","HIC","Agricultural irrigated land (% of total agricultural land)","AG.LND.IRIG.AG.ZS","","","","","","","","","","","","","","","","","","","","","","","","","","","","","","","","","","","","","","","","","","","","","","","","","","","","","","","","","","","",
"Hong Kong SAR, China","HKG","Agricultural irrigated land (% of total agricultural land)","AG.LND.IRIG.AG.ZS","","","","","","","","","","","","","","","","","","","","","","","","","","","","","","","","","","","","","","","","","","","","","","","","","","","","","","","","","","","",
"Honduras","HND","Agricultural irrigated land (% of total agricultural land)","AG.LND.IRIG.AG.ZS","","","","","","","","","","","","","","","","","","","","","","","","","","","","","","","","","","","","","","","","","","","","","","2.59142848423549","","","","","","","","","","","","","",
"Heavily indebted poor countries (HIPC)","HPC","Agricultural irrigated land (% of total agricultural land)","AG.LND.IRIG.AG.ZS","","","","","","","","","","","","","","","","","","","","","","","","","","","","","","","","","","","","","","","","","","","","","","","","","","","","","","","","","","","",
"Croatia","HRV","Agricultural irrigated land (% of total agricultural land)","AG.LND.IRIG.AG.ZS","","","","","","","","","","","","","","","","","","","","","","","","","","","","","","","","","","","","","","","","","","","","0.752508361204013","0.935374149659864","1.23864574731627","0.32520325203252","0.382695499553458","","0.384733771462691","1.08711946837456","","","0.854973470367048","","","1.01683936588505","","",
"Haiti","HTI","Agricultural irrigated land (% of total agricultural land)","AG.LND.IRIG.AG.ZS","","","","","","","","","","","","","","","","","","","","","","","","","","","","","","","","","","","","","","","","","","","","","","","","","","5.39989881441619","","","","4.34782608695652","","","","","",
"Hungary","HUN","Agricultural irrigated land (% of total agricultural land)","AG.LND.IRIG.AG.ZS","","","","","","","","","","","","","","","","","","","","","","","","","","","","","","","","","","","","","","","","","","","","2.54049445865303","2.04502043262185","1.28091418171791","1.34136681303056","2.0817978196943","1.38238343550134","1.84610067674615","0.84035189080814","1.89432262458537","2.33795434716669","2.2598440755518","1.88677810970411","2.36132224642397","1.84932797554878","","",
"IBRD only","IBD","Agricultural irrigated land (% of total agricultural land)","AG.LND.IRIG.AG.ZS","","","","","","","","","","","","","","","","","","","","","","","","","","","","","","","","","","","","","","","","","","","","","","","","","","","","","","","","","","","",
"IDA & IBRD total","IBT","Agricultural irrigated land (% of total agricultural land)","AG.LND.IRIG.AG.ZS","","","","","","","","","","","","","","","","","","","","","","","","","","","","","","","","","","","","","","","","","","","","","","","","","","","","","","","","","","","",
"IDA total","IDA","Agricultural irrigated land (% of total agricultural land)","AG.LND.IRIG.AG.ZS","","","","","","","","","","","","","","","","","","","","","","","","","","","","","","","","","","","","","","","","","","","","","","","","","","","","","","","","","","","",
"IDA blend","IDB","Agricultural irrigated land (% of total agricultural land)","AG.LND.IRIG.AG.ZS","","","","","","","","","","","","","","","","","","","","","","","","","","","","","","","","","","","","","","","","","","","","","","","","","","","","","","","","","","","",
"Indonesia","IDN","Agricultural irrigated land (% of total agricultural land)","AG.LND.IRIG.AG.ZS","","","","","","","","","","","","","","","","","","","","","","","","","","","","","","","","","","","","","","","","","","","16.0831032979805","11.3810139983531","14.4211670351909","15.2104308914863","","","","","","","","","","","","","",
"IDA only","IDX","Agricultural irrigated land (% of total agricultural land)","AG.LND.IRIG.AG.ZS","","","","","","","","","","","","","","","","","","","","","","","","","","","","","","","","","","","","","","","","","","","","","","","","","","","","","","","","","","","",
"Isle of Man","IMN","Agricultural irrigated land (% of total agricultural land)","AG.LND.IRIG.AG.ZS","","","","","","","","","","","","","","","","","","","","","","","","","","","","","","","","","","","","","","","","","","","","","","","","","","","","","","","","","","","",
"India","IND","Agricultural irrigated land (% of total agricultural land)","AG.LND.IRIG.AG.ZS","","","","","","","","","","","","","","","","","","","","","","","","","","","","","","","","","","","","","","","","","","32.2073057893366","31.5330084182543","30.7335963028921","31.6329868329868","32.8692137725814","33.8165486420686","34.9320788330921","34.6501109831606","35.3416487104871","34.4923791438579","35.3987866644404","36.3294775163937","36.7856069627931","","","","","",
"Not classified","INX","Agricultural irrigated land (% of total agricultural land)","AG.LND.IRIG.AG.ZS","","","","","","","","","","","","","","","","","","","","","","","","","","","","","","","","","","","","","","","","","","","","","","","","","","","","","","","","","","","",
"Ireland","IRL","Agricultural irrigated land (% of total agricultural land)","AG.LND.IRIG.AG.ZS","","","","","","","","","","","","","","","","","","","","","","","","","","","","","","","","","","","","","","","","","","","","","","","","","","","","","","","","","","","",
"Iran, Islamic Rep.","IRN","Agricultural irrigated land (% of total agricultural land)","AG.LND.IRIG.AG.ZS","","","","","","","","","","","","","","","","","","","","","","","","","","","","","","","","","","","","","","","","","","12.5675696849098","12.7381175441884","12.9106045281257","13.0819092516205","17.9987823056413","18.2124049151551","18.4219832338319","17.4702795330406","16.9801783717702","16.9013783348551","16.8220792377826","16.7422770648517","16.7145406275841","16.5804933245066","16.5804933245066","16.5804933245066","","",
"Iraq","IRQ","Agricultural irrigated land (% of total agricultural land)","AG.LND.IRIG.AG.ZS","","","","","","","","","","","","","","","","","","","","","","","","","","","","","","","","","","","","","","","","","","","","","","","","","","","","","","","","","","","",
"Iceland","ISL","Agricultural irrigated land (% of total agricultural land)","AG.LND.IRIG.AG.ZS","","","","","","","","","","","","","","","","","","","","","","","","","","","","","","","","","","","","","","","","","","","","","","","","","","","","","","","","","","","",
"Israel","ISR","Agricultural irrigated land (% of total agricultural land)","AG.LND.IRIG.AG.ZS","","","","","","","","","","","","","","","","","","","","","","","","","","","","","","","","","","","","","","","","","","31.5508021390374","30.9058614564831","","","","35.6721706671606","30.0135123195363","","28.3773459586339","32.5867183144666","","","31.8854502765233","32.6576161645882","33.0773549406237","32.8383452910229","","",
"Italy","ITA","Agricultural irrigated land (% of total agricultural land)","AG.LND.IRIG.AG.ZS","","","","","","","","","","","","","","","","","","","","","","","","","","","","","","","","","","","","","","","","","","15.9398787253258","","18.3336687462266","","17.7320846905537","","18.8250247140234","","","16.8274266312069","","","19.0829053558327","","","","","",
"Jamaica","JAM","Agricultural irrigated land (% of total agricultural land)","AG.LND.IRIG.AG.ZS","","","","","","","","","","","","","","","","","","","","","","","","","","","","","","","","","","","","","","","","","","","","","","","","","","","6.91441458624764","","","","","","","","",
"Jordan","JOR","Agricultural irrigated land (% of total agricultural land)","AG.LND.IRIG.AG.ZS","","","","","","","","","","","","","","","","","","","","","","","","","","","","","","","","","","","","","","","","","","7.14285714285714","7.31707317073171","7.06467661691542","7.32883317261331","7.89733464955577","7.48526492615346","7.47430716416391","9.54241676624759","9.24878078553735","9.61787914795334","9.60502746825603","9.15877066821844","9.78610674948561","9.86842105263158","9.79835228776369","10.0003754719237","","",
"Japan","JPN","Agricultural irrigated land (% of total agricultural land)","AG.LND.IRIG.AG.ZS","","","","","","","","","","","","","","","","","","","","","","","","","","","","","","","","","","","","","","","","","","35.468391404131","35.3348729792148","35.0506756756757","35.9991514637251","36.2745098039216","36.0522372083066","35.8924731182796","35.0907519446845","35.170318941202","35.3799259743087","34.5099758824819","34.7109254781271","35.1917144116351","34.8162903939796","","","","",
"Kazakhstan","KAZ","Agricultural irrigated land (% of total agricultural land)","AG.LND.IRIG.AG.ZS","","","","","","","","","","","","","","","","","","","","","","","","","","","","","","","","","","","","","","","","","","","","","","","","","","","0.582514981089489","","","","","","","","",
"Kenya","KEN","Agricultural irrigated land (% of total agricultural land)","AG.LND.IRIG.AG.ZS","","","","","","","","","","","","","","","","","","","","","","","","","","","","","","","","","","","","","","","","","","0.0447110548083014","0.0261018718770975","0.111632060727841","0.0407528156490812","0.0407377231316199","0.0462038885192578","0.0354636128555597","0.0335979324349271","0.0370166758292102","","","","","","","","","",
"Kyrgyz Republic","KGZ","Agricultural irrigated land (% of total agricultural land)","AG.LND.IRIG.AG.ZS","","","","","","","","","","","","","","","","","","","","","","","","","","","","","","","","","","","","","","","","","","9.53043801039347","9.53043801039347","9.47416974169742","9.49860724233983","9.31596091205212","9.3084591586625","9.3134243851723","9.30531726855641","9.39504411055255","9.40453607048249","9.42263256432048","9.439823309982","9.50012793637332","9.50166250866061","9.50269974620659","9.5209180873346","","",
"Cambodia","KHM","Agricultural irrigated land (% of total agricultural land)","AG.LND.IRIG.AG.ZS","","","","","","","","","","","","","","","","","","","","","","","","","","","","","","","","","","","","","","","","","","","","","","","","","","","","","","","","","","","",
"Kiribati","KIR","Agricultural irrigated land (% of total agricultural land)","AG.LND.IRIG.AG.ZS","","","","","","","","","","","","","","","","","","","","","","","","","","","","","","","","","","","","","","","","","","","","","","","","","","","","","","","","","","","",
"St. Kitts and Nevis","KNA","Agricultural irrigated land (% of total agricultural land)","AG.LND.IRIG.AG.ZS","","","","","","","","","","","","","","","","","","","","","","","","","","","","","","","","","","","","","","","","","","","","","","0.8","7.98403157137728","7.85854593337545","7.84313740156468","7.27272727272727","10.526316141708","13.3333333333333","13.3333333333333","","","","","","",
"Korea, Rep.","KOR","Agricultural irrigated land (% of total agricultural land)","AG.LND.IRIG.AG.ZS","","","","","","","","","","","","","","","","","","","","","","","","","","","","","","","","","","","","","","","","","","","54.872329338197","53.4174553101998","52.879027997887","52.0999468367889","51.3993541442411","51.6304347826087","","","","","","","","","","","",
"Kuwait","KWT","Agricultural irrigated land (% of total agricultural land)","AG.LND.IRIG.AG.ZS","","","","","","","","","","","","","","","","","","","","","","","","","","","","","","","","","","","","","","","","","","","","","","","","","","","","","","","","","","","",
"Latin America & Caribbean (excluding high income)","LAC","Agricultural irrigated land (% of total agricultural land)","AG.LND.IRIG.AG.ZS","","","","","","","","","","","","","","","","","","","","","","","","","","","","","","","","","","","","","","","","","","","","","","","","","","","","","","","","","","","",
"Lao PDR","LAO","Agricultural irrigated land (% of total agricultural land)","AG.LND.IRIG.AG.ZS","","","","","","","","","","","","","","","","","","","","","","","","","","","","","","","","","","","","","","","","","","","","15.7095756910036","9.27595038575724","13.6377829448402","","","","","","11.4210410718208","11.6572422792518","12.1627408993576","11.5238497256226","","","","",
"Lebanon","LBN","Agricultural irrigated land (% of total agricultural land)","AG.LND.IRIG.AG.ZS","","","","","","","","","","","","","","","","","","","","","","","","","","","","","","","","","","","","","","","","","","","","18.9792663476874","19.7399345777315","20.0612557427259","20.9131075110457","20.2333488317505","","","","","","","","","","","",
"Liberia","LBR","Agricultural irrigated land (% of total agricultural land)","AG.LND.IRIG.AG.ZS","","","","","","","","","","","","","","","","","","","","","","","","","","","","","","","","","","","","","","","","","","","","","","","","","","","","","","","","","","","",
"Libya","LBY","Agricultural irrigated land (% of total agricultural land)","AG.LND.IRIG.AG.ZS","","","","","","","","","","","","","","","","","","","","","","","","","","","","","","","","","","","","","","","","","","","","","","","","","","","","","","","","","","","",
"St. Lucia","LCA","Agricultural irrigated land (% of total agricultural land)","AG.LND.IRIG.AG.ZS","","","","","","","","","","","","","","","","","","","","","","","","","","","","","","","","","","","","","","","","","","","","","","","","","","","","","","","","","","","",
"Latin America & Caribbean","LCN","Agricultural irrigated land (% of total agricultural land)","AG.LND.IRIG.AG.ZS","","","","","","","","","","","","","","","","","","","","","","","","","","","","","","","","","","","","","","","","","","","","","","","","","","","","","","","","","","","",
"Least developed countries: UN classification","LDC","Agricultural irrigated land (% of total agricultural land)","AG.LND.IRIG.AG.ZS","","","","","","","","","","","","","","","","","","","","","","","","","","","","","","","","","","","","","","","","","","","","","","","","","","","","","","","","","","","",
"Low income","LIC","Agricultural irrigated land (% of total agricultural land)","AG.LND.IRIG.AG.ZS","","","","","","","","","","","","","","","","","","","","","","","","","","","","","","","","","","","","","","","","","","","","","","","","","","","","","","","","","","","",
"Liechtenstein","LIE","Agricultural irrigated land (% of total agricultural land)","AG.LND.IRIG.AG.ZS","","","","","","","","","","","","","","","","","","","","","","","","","","","","","","","","","","","","","","","","","","","","","","","","","","","","","","","","","","","",
"Sri Lanka","LKA","Agricultural irrigated land (% of total agricultural land)","AG.LND.IRIG.AG.ZS","","","","","","","","","","","","","","","","","","","","","","","","","","","","","","","","","","","","","","","","","","","","","","","","","","","","","","","","","","","",
"Lower middle income","LMC","Agricultural irrigated land (% of total agricultural land)","AG.LND.IRIG.AG.ZS","","","","","","","","","","","","","","","","","","","","","","","","","","","","","","","","","","","","","","","","","","","","","","","","","","","","","","","","","","","",
"Low & middle income","LMY","Agricultural irrigated land (% of total agricultural land)","AG.LND.IRIG.AG.ZS","","","","","","","","","","","","","","","","","","","","","","","","","","","","","","","","","","","","","","","","","","","","","","","","","","","","","","","","","","","",
"Lesotho","LSO","Agricultural irrigated land (% of total agricultural land)","AG.LND.IRIG.AG.ZS","","","","","","","","","","","","","","","","","","","","","","","","","","","","","","","","","","","","","","","","","","","","","","","","","0.0338696025368725","0.0342026512150889","0.0343938096268671","0.0389273346089162","0.0481337242523547","0.0532836017782937","","","","","",
"Late-demographic dividend","LTE","Agricultural irrigated land (% of total agricultural land)","AG.LND.IRIG.AG.ZS","","","","","","","","","","","","","","","","","","","","","","","","","","","","","","","","","","","","","","","","","","","","","","","","","","","","","","","","","","","",
"Lithuania","LTU","Agricultural irrigated land (% of total agricultural land)","AG.LND.IRIG.AG.ZS","","","","","","","","","","","","","","","","","","","","","","","","","","","","","","","","","","","","","","","","","","","","","","0.00810715559296176","","0.0370933653408505","0.0479023960409448","0.0483451079329223","0.0541066974562894","","","0.0553365178765106","","","0.0710924531656046","","",
"Luxembourg","LUX","Agricultural irrigated land (% of total agricultural land)","AG.LND.IRIG.AG.ZS","","","","","","","","","","","","","","","","","","","","","","","","","","","","","","","","","","","","","","","","","","","","","","","","","","","","","","","","","","","",
"Latvia","LVA","Agricultural irrigated land (% of total agricultural land)","AG.LND.IRIG.AG.ZS","","","","","","","","","","","","","","","","","","","","","","","","","","","","","","","","","","","","","","","","","","","","","","","","0.0337139752456972","","","0.039335178866611","","","0.0218433668845882","","","0.0310719846629652","","",
"Macao SAR, China","MAC","Agricultural irrigated land (% of total agricultural land)","AG.LND.IRIG.AG.ZS","","","","","","","","","","","","","","","","","","","","","","","","","","","","","","","","","","","","","","","","","","","","","","","","","","","","","","","","","","","",
"St. Martin (French part)","MAF","Agricultural irrigated land (% of total agricultural land)","AG.LND.IRIG.AG.ZS","","","","","","","","","","","","","","","","","","","","","","","","","","","","","","","","","","","","","","","","","","","","","","","","","","","","","","","","","","","",
"Morocco","MAR","Agricultural irrigated land (% of total agricultural land)","AG.LND.IRIG.AG.ZS","","","","","","","","","","","","","","","","","","","","","","","","","","","","","","","","","","","","","","","","","","","","","4.29746013781166","4.3049118009937","3.87998405267501","4.08611465678198","4.39278209532704","4.5679375048946","4.54810705802587","4.60573071843996","","","","","","","",
"Monaco","MCO","Agricultural irrigated land (% of total agricultural land)","AG.LND.IRIG.AG.ZS","","","","","","","","","","","","","","","","","","","","","","","","","","","","","","","","","","","","","","","","","","","","","","","","","","","","","","","","","","","",
"Moldova","MDA","Agricultural irrigated land (% of total agricultural land)","AG.LND.IRIG.AG.ZS","","","","","","","","","","","","","","","","","","","","","","","","","","","","","","","","","","","","","","","","","","11.0673493501378","9.00552486187845","9.02294303797468","9.04440919904837","9.12765106042417","9.1864679822795","9.05432595573441","9.18984280532043","9.22330097087379","9.24949290060852","","","","","","","","",
"Madagascar","MDG","Agricultural irrigated land (% of total agricultural land)","AG.LND.IRIG.AG.ZS","","","","","","","","","","","","","","","","","","","","","","","","","","","","","","","","","","","","","","","","","","2.17907597385109","2.17907597385109","2.17907597385109","2.17907597385109","2.17641161078913","2.17641161078913","2.17641161078913","2.16571359046113","2.15001811813021","","","","","","","","","",
"Maldives","MDV","Agricultural irrigated land (% of total agricultural land)","AG.LND.IRIG.AG.ZS","","","","","","","","","","","","","","","","","","","","","","","","","","","","","","","","","","","","","","","","","","","","","","","","","","","","","","","","","","","",
"Middle East & North Africa","MEA","Agricultural irrigated land (% of total agricultural land)","AG.LND.IRIG.AG.ZS","","","","","","","","","","","","","","","","","","","","","","","","","","","","","","","","","","","","","","","","","","","","","","","","","","","","","","","","","","","",
"Mexico","MEX","Agricultural irrigated land (% of total agricultural land)","AG.LND.IRIG.AG.ZS","","","","","","","","","","","","","","","","","","","","","","","","","","","","","","","","","","","","","","","","","","","","1.90708587517597","1.95270714084639","5.05489349723187","5.06709205217228","4.97750702905342","5.26473760727853","5.27693101345964","5.54706185808751","6.06762650658913","5.36603667401398","5.42214902019503","5.48884275106148","","","","",
"Marshall Islands","MHL","Agricultural irrigated land (% of total agricultural land)","AG.LND.IRIG.AG.ZS","","","","","","","","","","","","","","","","","","","","","","","","","","","","","","","","","","","","","","","","","","","","","","","","","","","","","","","","","","","",
"Middle income","MIC","Agricultural irrigated land (% of total agricultural land)","AG.LND.IRIG.AG.ZS","","","","","","","","","","","","","","","","","","","","","","","","","","","","","","","","","","","","","","","","","","","","","","","","","","","","","","","","","","","",
"North Macedonia","MKD","Agricultural irrigated land (% of total agricultural land)","AG.LND.IRIG.AG.ZS","","","","","","","","","","","","","","","","","","","","","","","","","","","","","","","","","","","","","","","","","","","","","","","","7.39776937491832","","","","","","5.84126972016834","","","","","",
"Mali","MLI","Agricultural irrigated land (% of total agricultural land)","AG.LND.IRIG.AG.ZS","","","","","","","","","","","","","","","","","","","","","","","","","","","","","","","","","","","","","","","","","","","","","","","","","","","","","","","","","","","",
"Malta","MLT","Agricultural irrigated land (% of total agricultural land)","AG.LND.IRIG.AG.ZS","","","","","","","","","","","","","","","","","","","","","","","","","","","","","","","","","","","","","","","","","","","","20.1923075159625","","25.8064521090917","","30.1075257515133","30.1075257515133","30.1075257515133","33.8818976364939","33.8818976364939","33.9805818950211","36.1681350268652","36.1681350268652","36.1681350268652","33.7186894163008","","",
"Myanmar","MMR","Agricultural irrigated land (% of total agricultural land)","AG.LND.IRIG.AG.ZS","","","","","","","","","","","","","","","","","","","","","","","","","","","","","","","","","","","","","","","","","","","","22.8373702422145","23.1997834325934","23.404066412146","24.8081400362163","24.7580106809079","","","","","","","","","","","",
"Middle East & North Africa (excluding high income)","MNA","Agricultural irrigated land (% of total agricultural land)","AG.LND.IRIG.AG.ZS","","","","","","","","","","","","","","","","","","","","","","","","","","","","","","","","","","","","","","","","","","","","","","","","","","","","","","","","","","","",
"Montenegro","MNE","Agricultural irrigated land (% of total agricultural land)","AG.LND.IRIG.AG.ZS","","","","","","","","","","","","","","","","","","","","","","","","","","","","","","","","","","","","","","","","","","","","","","","","","","","","","","","","","","","",
"Mongolia","MNG","Agricultural irrigated land (% of total agricultural land)","AG.LND.IRIG.AG.ZS","","","","","","","","","","","","","","","","","","","","","","","","","","","","","","","","","","","","","","","","","","","","","","","","","","","","","","","","","","","",
"Northern Mariana Islands","MNP","Agricultural irrigated land (% of total agricultural land)","AG.LND.IRIG.AG.ZS","","","","","","","","","","","","","","","","","","","","","","","","","","","","","","","","","","","","","","","","","","","","","","","","","","","","","","","","","","","",
"Mozambique","MOZ","Agricultural irrigated land (% of total agricultural land)","AG.LND.IRIG.AG.ZS","","","","","","","","","","","","","","","","","","","","","","","","","","","","","","","","","","","","","","","","","","0.0830259095819503","","","","","","","","","","","","","","","","","",
"Mauritania","MRT","Agricultural irrigated land (% of total agricultural land)","AG.LND.IRIG.AG.ZS","","","","","","","","","","","","","","","","","","","","","","","","","","","","","","","","","","","","","","","","","","","","","0.0575880591830461","","","","","","","","","","","","","","",
"Mauritius","MUS","Agricultural irrigated land (% of total agricultural land)","AG.LND.IRIG.AG.ZS","","","","","","","","","","","","","","","","","","","","","","","","","","","","","","","","","","","","","","","","","","","21","22.2222222222222","21.4285714285714","21.875","22.3404255319149","22.8260869565217","23.0769230769231","23.0769230769231","21.978021978022","22.4719101123595","21.8390804597701","22.093023255814","19.7674418604651","19.3023260249648","19.5348828337913","","",
"Malawi","MWI","Agricultural irrigated land (% of total agricultural land)","AG.LND.IRIG.AG.ZS","","","","","","","","","","","","","","","","","","","","","","","","","","","","","","","","","","","","","","","","","","","","","","0.579150579150579","0.529801324503311","0.74222668004012","0.533578656853726","","","","","","","","","","",
"Malaysia","MYS","Agricultural irrigated land (% of total agricultural land)","AG.LND.IRIG.AG.ZS","","","","","","","","","","","","","","","","","","","","","","","","","","","","","","","","","","","","","","","","","","","","","","","","","","","","","","5.50916346035121","","5.15754447334892","","","",
"North America","NAC","Agricultural irrigated land (% of total agricultural land)","AG.LND.IRIG.AG.ZS","","","","","","","","","","","","","","","","","","","","","","","","","","","","","","","","","","","","","","","","","","","","","","","","","","","","","","","","","","","",
"Namibia","NAM","Agricultural irrigated land (% of total agricultural land)","AG.LND.IRIG.AG.ZS","","","","","","","","","","","","","","","","","","","","","","","","","","","","","","","","","","","","","","","","","","","","","","","","","","","","","","","","","","","",
"New Caledonia","NCL","Agricultural irrigated land (% of total agricultural land)","AG.LND.IRIG.AG.ZS","","","","","","","","","","","","","","","","","","","","","","","","","","","","","","","","","","","","","","","","","","","","","","","","","","","","","","","","","","","",
"Niger","NER","Agricultural irrigated land (% of total agricultural land)","AG.LND.IRIG.AG.ZS","","","","","","","","","","","","","","","","","","","","","","","","","","","","","","","","","","","","","","","","","","","","","","0.152705692099038","","","","0.236261477319446","0.1960120049111","0.214805988939346","","","","","","","",
"Nigeria","NGA","Agricultural irrigated land (% of total agricultural land)","AG.LND.IRIG.AG.ZS","","","","","","","","","","","","","","","","","","","","","","","","","","","","","","","","","","","","","","","","","","","","","0.304735380294928","","","","","","","","","","","","","","",
"Nicaragua","NIC","Agricultural irrigated land (% of total agricultural land)","AG.LND.IRIG.AG.ZS","","","","","","","","","","","","","","","","","","","","","","","","","","","","","","","","","","","","","","","","","","","","","","","","","","","","","","","","","","","",
"Netherlands","NLD","Agricultural irrigated land (% of total agricultural land)","AG.LND.IRIG.AG.ZS","","","","","","","","","","","","","","","","","","","","","","","","","","","","","","","","","","","","","","","","","","","","","","4.79950468821324","","10.5516087246095","","","7.31720324879274","","","5.50985085499763","","","11.1915367483296","","",
"Norway","NOR","Agricultural irrigated land (% of total agricultural land)","AG.LND.IRIG.AG.ZS","","","","","","","","","","","","","","","","","","","","","","","","","","","","","","","","","","","","","","","","","","","","","4.23076923076923","4.15057915057915","5.41062801932367","5.32945736434109","","","4.33442662450657","","1.98025786554621","1.97033860185138","","","3.28870444723897","","",
"Nepal","NPL","Agricultural irrigated land (% of total agricultural land)","AG.LND.IRIG.AG.ZS","","","","","","","","","","","","","","","","","","","","","","","","","","","","","","","","","","","","","","","","","","27.4242779995304","27.5406743692525","27.6318902294772","27.6908487434803","27.7962874821514","24.6356033452808","25.4200672107537","25.8670520231214","26.4009661835749","29.738245273873","","","","","","","","",
"Nauru","NRU","Agricultural irrigated land (% of total agricultural land)","AG.LND.IRIG.AG.ZS","","","","","","","","","","","","","","","","","","","","","","","","","","","","","","","","","","","","","","","","","","","","","","","","","","","","","","","","","","","",
"New Zealand","NZL","Agricultural irrigated land (% of total agricultural land)","AG.LND.IRIG.AG.ZS","","","","","","","","","","","","","","","","","","","","","","","","","","","","","","","","","","","","","","","","","","","3.17381601785272","","","","","4.43109602158962","","","","","","","6.29722921914358","6.45756457564576","","","",
"OECD members","OED","Agricultural irrigated land (% of total agricultural land)","AG.LND.IRIG.AG.ZS","","","","","","","","","","","","","","","","","","","","","","","","","","","","","","","","","","","","","","","","","","","","","","","","","","","","","","","","","","","",
"Oman","OMN","Agricultural irrigated land (% of total agricultural land)","AG.LND.IRIG.AG.ZS","","","","","","","","","","","","","","","","","","","","","","","","","","","","","","","","","","","","","","","","","","","","","","","","","","5.08800871547102","","","","4.7777386188675","4.84293560864316","5.77196629310087","5.88718669328185","","",
"Other small states","OSS","Agricultural irrigated land (% of total agricultural land)","AG.LND.IRIG.AG.ZS","","","","","","","","","","","","","","","","","","","","","","","","","","","","","","","","","","","","","","","","","","","","","","","","","","","","","","","","","","","",
"Pakistan","PAK","Agricultural irrigated land (% of total agricultural land)","AG.LND.IRIG.AG.ZS","","","","","","","","","","","","","","","","","","","","","","","","","","","","","","","","","","","","","","","","","","48.1986368062317","48.9100965188157","49.4544270126486","52.1015397419892","52.773529820659","52.9403625294036","53.0364035209508","54.6257752102625","55.0500325991439","55.728959763918","51.9534728406055","51.4654909463994","49.4487320837927","51.2799293832064","51.7374730677863","50.51025947237","","",
"Panama","PAN","Agricultural irrigated land (% of total agricultural land)","AG.LND.IRIG.AG.ZS","","","","","","","","","","","","","","","","","","","","","","","","","","","","","","","","","","","","","","","","","","","","","","","","1.43382020341842","1.43549258482523","1.43394867358216","1.20014657901594","0.892620449091449","0.934869312426659","1.09880368795129","","","","","",
"Peru","PER","Agricultural irrigated land (% of total agricultural land)","AG.LND.IRIG.AG.ZS","","","","","","","","","","","","","","","","","","","","","","","","","","","","","","","","","","","","","","","","","","","","","","","","","","","","","","","","","","","",
"Philippines","PHL","Agricultural irrigated land (% of total agricultural land)","AG.LND.IRIG.AG.ZS","","","","","","","","","","","","","","","","","","","","","","","","","","","","","","","","","","","","","","","","","","","","","","","8.33333333333333","8.2273112807464","9.06744379683597","9.39669421487603","9.10743801652893","9.26590538336052","","","","","","","",
"Palau","PLW","Agricultural irrigated land (% of total agricultural land)","AG.LND.IRIG.AG.ZS","","","","","","","","","","","","","","","","","","","","","","","","","","","","","","","","","","","","","","","","","","","","","","","","","","","","","","","","","","","",
"Papua New Guinea","PNG","Agricultural irrigated land (% of total agricultural land)","AG.LND.IRIG.AG.ZS","","","","","","","","","","","","","","","","","","","","","","","","","","","","","","","","","","","","","","","","","","","","","","","","","","","","","","","","","","","",
"Poland","POL","Agricultural irrigated land (% of total agricultural land)","AG.LND.IRIG.AG.ZS","","","","","","","","","","","","","","","","","","","","","","","","","","","","","","","","","","","","","","","","","","","","","","0.446372438073683","","0.465447023078415","","","0.318361132258288","","","0.527411519777932","","","0.923194635788521","","",
"Pre-demographic dividend","PRE","Agricultural irrigated land (% of total agricultural land)","AG.LND.IRIG.AG.ZS","","","","","","","","","","","","","","","","","","","","","","","","","","","","","","","","","","","","","","","","","","","","","","","","","","","","","","","","","","","",
"Puerto Rico","PRI","Agricultural irrigated land (% of total agricultural land)","AG.LND.IRIG.AG.ZS","","","","","","","","","","","","","","","","","","","","","","","","","","","","","","","","","","","","","","","","","","","7.65765765765766","7.87037037037037","","","","8.34920620792127","","","","","10.6707315418471","","","","","","",
"Korea, Dem. People’s Rep.","PRK","Agricultural irrigated land (% of total agricultural land)","AG.LND.IRIG.AG.ZS","","","","","","","","","","","","","","","","","","","","","","","","","","","","","","","","","","","","","","","","","","","","","","","","","","","","","","","","","","","",
"Portugal","PRT","Agricultural irrigated land (% of total agricultural land)","AG.LND.IRIG.AG.ZS","","","","","","","","","","","","","","","","","","","","","","","","","","","","","","","","","","","","","","","","","","","","","","11.8738442361204","","15.9440803039494","","","12.7525542041813","","","12.9637128187051","","","13.1169218277294","","",
"Paraguay","PRY","Agricultural irrigated land (% of total agricultural land)","AG.LND.IRIG.AG.ZS","","","","","","","","","","","","","","","","","","","","","","","","","","","","","","","","","","","","","","","","","","","","","","","","","","","","","","","","","","","",
"West Bank and Gaza","PSE","Agricultural irrigated land (% of total agricultural land)","AG.LND.IRIG.AG.ZS","","","","","","","","","","","","","","","","","","","","","","","","","","","","","","","","","","","","","","","","","","4.41734396668306","4.37837858457824","4.19618518216085","4.30517716368798","4.23309514438305","4.61280386830126","5.00707235160948","4.85436876282858","","5.16337253161846","5.54913280097507","5.56679055607928","5.39135387381534","","","","","",
"Pacific island small states","PSS","Agricultural irrigated land (% of total agricultural land)","AG.LND.IRIG.AG.ZS","","","","","","","","","","","","","","","","","","","","","","","","","","","","","","","","","","","","","","","","","","","","","","","","","","","","","","","","","","","",
"Post-demographic dividend","PST","Agricultural irrigated land (% of total agricultural land)","AG.LND.IRIG.AG.ZS","","","","","","","","","","","","","","","","","","","","","","","","","","","","","","","","","","","","","","","","","","","","","","","","","","","","","","","","","","","",
"French Polynesia","PYF","Agricultural irrigated land (% of total agricultural land)","AG.LND.IRIG.AG.ZS","","","","","","","","","","","","","","","","","","","","","","","","","","","","","","","","","","","","","","","","","","","","","","","","","","","","","","","","","","","",
"Qatar","QAT","Agricultural irrigated land (% of total agricultural land)","AG.LND.IRIG.AG.ZS","","","","","","","","","","","","","","","","","","","","","","","","","","","","","","","","","","","","","","","","","","","","","","","","","","","","","","","","","","","",
"Romania","ROU","Agricultural irrigated land (% of total agricultural land)","AG.LND.IRIG.AG.ZS","","","","","","","","","","","","","","","","","","","","","","","","","","","","","","","","","","","","","","","","","","2.2097580754156","3.29329194223242","3.84459459459459","2.31422505307856","0.324400564174894","0.687370895362918","2.34776228906823","1.8849933988558","2.17311504294839","0.588443084570202","0.740237448147618","1.20803898562939","1.30097082989201","1.04844540853218","1.24837638908933","1.13157310849789","","",
"Russian Federation","RUS","Agricultural irrigated land (% of total agricultural land)","AG.LND.IRIG.AG.ZS","","","","","","","","","","","","","","","","","","","","","","","","","","","","","","","","","","","","","","","","","","2.06906728272949","2.05214838611407","2.09962224369674","2.09741642744699","2.07436943620178","2.05719111969112","2.01937223560426","1.97082053328631","","","","","","","","","","",
"Rwanda","RWA","Agricultural irrigated land (% of total agricultural land)","AG.LND.IRIG.AG.ZS","","","","","","","","","","","","","","","","","","","","","","","","","","","","","","","","","","","","","","","","","","","","","","0.445341855880556","","","","","","","","","","","","","",
"South Asia","SAS","Agricultural irrigated land (% of total agricultural land)","AG.LND.IRIG.AG.ZS","","","","","","","","","","","","","","","","","","","","","","","","","","","","","","","","","","","","","","","","","","","","","","","","","","","","","","","","","","","",
"Saudi Arabia","SAU","Agricultural irrigated land (% of total agricultural land)","AG.LND.IRIG.AG.ZS","","","","","","","","","","","","","","","","","","","","","","","","","","","","","","","","","","","","","","","","","","","","","","","","","","","","","","","","","","","",
"Sudan","SDN","Agricultural irrigated land (% of total agricultural land)","AG.LND.IRIG.AG.ZS","","","","","","","","","","","","","","","","","","","","","","","","","","","","","","","","","","","","","","","","","","","","","","","","","","","","2.172658650376","","","","","","","",
"Senegal","SEN","Agricultural irrigated land (% of total agricultural land)","AG.LND.IRIG.AG.ZS","","","","","","","","","","","","","","","","","","","","","","","","","","","","","","","","","","","","","","","","","","","0.64","0.625579240037071","0.690687233797629","0.763445761166819","0.742224316682375","","","","","","","","","","","","",
"Singapore","SGP","Agricultural irrigated land (% of total agricultural land)","AG.LND.IRIG.AG.ZS","","","","","","","","","","","","","","","","","","","","","","","","","","","","","","","","","","","","","","","","","","","","","","","","","","","","","","","","","","","",
"Solomon Islands","SLB","Agricultural irrigated land (% of total agricultural land)","AG.LND.IRIG.AG.ZS","","","","","","","","","","","","","","","","","","","","","","","","","","","","","","","","","","","","","","","","","","","","","","","","","","","","","","","","","","","",
"Sierra Leone","SLE","Agricultural irrigated land (% of total agricultural land)","AG.LND.IRIG.AG.ZS","","","","","","","","","","","","","","","","","","","","","","","","","","","","","","","","","","","","","","","","","","","","","","","","","","","","","","","","","","","",
"El Salvador","SLV","Agricultural irrigated land (% of total agricultural land)","AG.LND.IRIG.AG.ZS","","","","","","","","","","","","","","","","","","","","","","","","","","","","","","","","","","","","","","","","","","","","1.83752417794971","1.7515528424186","1.92332270808113","2.20488466757123","1.66223404255319","1.80645161290323","2.03883495145631","1.10749185667752","1.02397927354082","1.25397840629787","1.3015873015873","1.34337725163404","","1.43308085624618","","",
"San Marino","SMR","Agricultural irrigated land (% of total agricultural land)","AG.LND.IRIG.AG.ZS","","","","","","","","","","","","","","","","","","","","","","","","","","","","","","","","","","","","","","","","","","","","","","","","","","","","","","","","","","","",
"Somalia","SOM","Agricultural irrigated land (% of total agricultural land)","AG.LND.IRIG.AG.ZS","","","","","","","","","","","","","","","","","","","","","","","","","","","","","","","","","","","","","","","","","","","","","","","","","","","","","","","","","","","",
"Serbia","SRB","Agricultural irrigated land (% of total agricultural land)","AG.LND.IRIG.AG.ZS","","","","","","","","","","","","","","","","","","","","","","","","","","","","","","","","","","","","","","","","","","","","","","","0.735651695158714","0.732178358264436","0.725385688790763","0.882319525739832","0.709904569137148","0.963664204708891","1.53064167114979","1.51810267934409","1.28336759221106","1.58569987026092","1.25","","",
"Sub-Saharan Africa (excluding high income)","SSA","Agricultural irrigated land (% of total agricultural land)","AG.LND.IRIG.AG.ZS","","","","","","","","","","","","","","","","","","","","","","","","","","","","","","","","","","","","","","","","","","","","","","","","","","","","","","","","","","","",
"South Sudan","SSD","Agricultural irrigated land (% of total agricultural land)","AG.LND.IRIG.AG.ZS","","","","","","","","","","","","","","","","","","","","","","","","","","","","","","","","","","","","","","","","","","","","","","","","","","","","","","","","","","","",
"Sub-Saharan Africa","SSF","Agricultural irrigated land (% of total agricultural land)","AG.LND.IRIG.AG.ZS","","","","","","","","","","","","","","","","","","","","","","","","","","","","","","","","","","","","","","","","","","","","","","","","","","","","","","","","","","","",
"Small states","SST","Agricultural irrigated land (% of total agricultural land)","AG.LND.IRIG.AG.ZS","","","","","","","","","","","","","","","","","","","","","","","","","","","","","","","","","","","","","","","","","","","","","","","","","","","","","","","","","","","",
"Sao Tome and Principe","STP","Agricultural irrigated land (% of total agricultural land)","AG.LND.IRIG.AG.ZS","","","","","","","","","","","","","","","","","","","","","","","","","","","","","","","","","","","","","","","","","","","","","","","","","","","","","","","","","","","",
"Suriname","SUR","Agricultural irrigated land (% of total agricultural land)","AG.LND.IRIG.AG.ZS","","","","","","","","","","","","","","","","","","","","","","","","","","","","","","","","","","","","","","","","","","","","","","","","","","","","","","","","","","","",
"Slovak Republic","SVK","Agricultural irrigated land (% of total agricultural land)","AG.LND.IRIG.AG.ZS","","","","","","","","","","","","","","","","","","","","","","","","","","","","","","","","","","","","","","","","","","4.92239467849224","3.35270451497541","4.20393559928444","2.17166494312306","1.33951571354972","1.28932439401753","1.29533678756477","1.34228187919463","1.03626943005181","0.76104286328677","0.715137095917651","1.28670742569902","0.971796735041474","0.957976084872914","1.11722972859424","1.19830330760709","","",
"Slovenia","SVN","Agricultural irrigated land (% of total agricultural land)","AG.LND.IRIG.AG.ZS","","","","","","","","","","","","","","","","","","","","","","","","","","","","","","","","","","","","","","","","","","0.588235294117647","0.594059405940594","0.588235294117647","0.609756097560976","0.392927308447937","0.610997963340122","0.803212851405622","0.646663220348499","0.639877148586511","0.641169508210386","0.644527173976113","0.32690957221117","0.327756006617935","0.325287865565418","0.486625905938792","0.502040552355925","","",
"Sweden","SWE","Agricultural irrigated land (% of total agricultural land)","AG.LND.IRIG.AG.ZS","","","","","","","","","","","","","","","","","","","","","","","","","","","","","","","","","","","","","","","","","","","","1.6895352079263","","1.51896761424506","","1.72680899486596","","","2.04213938411669","","","1.702811876662","","","","","",
"Eswatini","SWZ","Agricultural irrigated land (% of total agricultural land)","AG.LND.IRIG.AG.ZS","","","","","","","","","","","","","","","","","","","","","","","","","","","","","","","","","","","","","","","","","","","3.66339870527679","","","","","","","","","","","","","","","","",
"Sint Maarten (Dutch part)","SXM","Agricultural irrigated land (% of total agricultural land)","AG.LND.IRIG.AG.ZS","","","","","","","","","","","","","","","","","","","","","","","","","","","","","","","","","","","","","","","","","","","","","","","","","","","","","","","","","","","",
"Seychelles","SYC","Agricultural irrigated land (% of total agricultural land)","AG.LND.IRIG.AG.ZS","","","","","","","","","","","","","","","","","","","","","","","","","","","","","","","","","","","","","","","","","","","","5.0000000745058","","","","","","","","","","","","","","","",
"Syrian Arab Republic","SYR","Agricultural irrigated land (% of total agricultural land)","AG.LND.IRIG.AG.ZS","","","","","","","","","","","","","","","","","","","","","","","","","","","","","","","","","","","","","","","","","","","","9.85303699413596","10.3487953973391","10.3124096037026","10.1030482092671","10.0453335252213","9.75679953950209","8.90135174000575","9.64193270060397","10.0538986704995","10.2578837727175","9.41024351698872","","","","","",
"Turks and Caicos Islands","TCA","Agricultural irrigated land (% of total agricultural land)","AG.LND.IRIG.AG.ZS","","","","","","","","","","","","","","","","","","","","","","","","","","","","","","","","","","","","","","","","","","","","","","","","","","","","","","","","","","","",
"Chad","TCD","Agricultural irrigated land (% of total agricultural land)","AG.LND.IRIG.AG.ZS","","","","","","","","","","","","","","","","","","","","","","","","","","","","","","","","","","","","","","","","","","","","","","","","","","","","","","","","","","","",
"East Asia & Pacific (IDA & IBRD countries)","TEA","Agricultural irrigated land (% of total agricultural land)","AG.LND.IRIG.AG.ZS","","","","","","","","","","","","","","","","","","","","","","","","","","","","","","","","","","","","","","","","","","","","","","","","","","","","","","","","","","","",
"Europe & Central Asia (IDA & IBRD countries)","TEC","Agricultural irrigated land (% of total agricultural land)","AG.LND.IRIG.AG.ZS","","","","","","","","","","","","","","","","","","","","","","","","","","","","","","","","","","","","","","","","","","","","","","","","","","","","","","","","","","","",
"Togo","TGO","Agricultural irrigated land (% of total agricultural land)","AG.LND.IRIG.AG.ZS","","","","","","","","","","","","","","","","","","","","","","","","","","","","","","","","","","","","","","","","","","","","","","","","","","","","","","","","","","","",
"Thailand","THA","Agricultural irrigated land (% of total agricultural land)","AG.LND.IRIG.AG.ZS","","","","","","","","","","","","","","","","","","","","","","","","","","","","","","","","","","","","","","","","","","","","","","","","","","","","","","","","","","","",
"Tajikistan","TJK","Agricultural irrigated land (% of total agricultural land)","AG.LND.IRIG.AG.ZS","","","","","","","","","","","","","","","","","","","","","","","","","","","","","","","","","","","","","","","","","","","","","","","14.9440332753102","15.0348910974836","15.0370211083768","14.7497586755486","","","","","","","","","",
"Turkmenistan","TKM","Agricultural irrigated land (% of total agricultural land)","AG.LND.IRIG.AG.ZS","","","","","","","","","","","","","","","","","","","","","","","","","","","","","","","","","","","","","","","","","","","","","","","","","","","","","","","","","","","",
"Latin America & the Caribbean (IDA & IBRD countries)","TLA","Agricultural irrigated land (% of total agricultural land)","AG.LND.IRIG.AG.ZS","","","","","","","","","","","","","","","","","","","","","","","","","","","","","","","","","","","","","","","","","","","","","","","","","","","","","","","","","","","",
"Timor-Leste","TLS","Agricultural irrigated land (% of total agricultural land)","AG.LND.IRIG.AG.ZS","","","","","","","","","","","","","","","","","","","","","","","","","","","","","","","","","","","","","","","","","","","7.98618780315251","","","","","","","","","","","","","","","","",
"Middle East & North Africa (IDA & IBRD countries)","TMN","Agricultural irrigated land (% of total agricultural land)","AG.LND.IRIG.AG.ZS","","","","","","","","","","","","","","","","","","","","","","","","","","","","","","","","","","","","","","","","","","","","","","","","","","","","","","","","","","","",
"Tonga","TON","Agricultural irrigated land (% of total agricultural land)","AG.LND.IRIG.AG.ZS","","","","","","","","","","","","","","","","","","","","","","","","","","","","","","","","","","","","","","","","","","","","","","","","","","","","","","","","","","","",
"South Asia (IDA & IBRD)","TSA","Agricultural irrigated land (% of total agricultural land)","AG.LND.IRIG.AG.ZS","","","","","","","","","","","","","","","","","","","","","","","","","","","","","","","","","","","","","","","","","","","","","","","","","","","","","","","","","","","",
"Sub-Saharan Africa (IDA & IBRD countries)","TSS","Agricultural irrigated land (% of total agricultural land)","AG.LND.IRIG.AG.ZS","","","","","","","","","","","","","","","","","","","","","","","","","","","","","","","","","","","","","","","","","","","","","","","","","","","","","","","","","","","",
"Trinidad and Tobago","TTO","Agricultural irrigated land (% of total agricultural land)","AG.LND.IRIG.AG.ZS","","","","","","","","","","","","","","","","","","","","","","","","","","","","","","","","","","","","","","","","","","","","","9.09090909090909","","","","","","","","9.25925925925926","","","","","","",
"Tunisia","TUN","Agricultural irrigated land (% of total agricultural land)","AG.LND.IRIG.AG.ZS","","","","","","","","","","","","","","","","","","","","","","","","","","","","","","","","","","","","","","","","","","3.64248868301927","3.67714841749462","3.556827473426","3.62156663275687","3.62377850162866","3.8037935957577","3.88577256501785","4.00769152919745","4.12708141791807","3.89519824666268","3.76290706910246","3.83995162265672","3.94247209091823","","","","","",
"Turkey","TUR","Agricultural irrigated land (% of total agricultural land)","AG.LND.IRIG.AG.ZS","","","","","","","","","","","","","","","","","","","","","","","","","","","","","","","","","","","","","","","","","","","12.658996019031","12.8309221533314","12.6546954622664","12.6507047036848","12.87876916998","13.2008606505506","13.3300955983845","13.4023797897767","13.3676817389521","13.6350563442884","13.5782539641211","13.5725997449444","13.5240268665232","","","","",
"Tuvalu","TUV","Agricultural irrigated land (% of total agricultural land)","AG.LND.IRIG.AG.ZS","","","","","","","","","","","","","","","","","","","","","","","","","","","","","","","","","","","","","","","","","","","","","","","","","","","","","","","","","","","",
"Tanzania","TZA","Agricultural irrigated land (% of total agricultural land)","AG.LND.IRIG.AG.ZS","","","","","","","","","","","","","","","","","","","","","","","","","","","","","","","","","","","","","","","","","","","","","","","","","","","","","","","","","","","",
"Uganda","UGA","Agricultural irrigated land (% of total agricultural land)","AG.LND.IRIG.AG.ZS","","","","","","","","","","","","","","","","","","","","","","","","","","","","","","","","","","","","","","","","","","","","","","","","","","","","","","0.0733957677676455","","","","","",
"Ukraine","UKR","Agricultural irrigated land (% of total agricultural land)","AG.LND.IRIG.AG.ZS","","","","","","","","","","","","","","","","","","","","","","","","","","","","","","","","","","","","","","","","","","1.31279446126125","1.76369691657633","1.7685891050999","","","5.27322933824242","5.26825958416129","5.2697859149472","0.981199728655877","0.896600189013013","0.898718538795087","0.910477758674964","0.968068198237249","0.7467900074679","0.756480678423436","0.792484644104541","","",
"Upper middle income","UMC","Agricultural irrigated land (% of total agricultural land)","AG.LND.IRIG.AG.ZS","","","","","","","","","","","","","","","","","","","","","","","","","","","","","","","","","","","","","","","","","","","","","","","","","","","","","","","","","","","",
"Uruguay","URY","Agricultural irrigated land (% of total agricultural land)","AG.LND.IRIG.AG.ZS","","","","","","","","","","","","","","","","","","","","","","","","","","","","","","","","","","","","","","","","","","","","","","","1.15005103776795","1.07903780068729","1.22665939757394","1.16781422978264","1.23328483336798","1.37684152554041","1.40548137737175","","","","1.54329535785418","","",
"United States","USA","Agricultural irrigated land (% of total agricultural land)","AG.LND.IRIG.AG.ZS","","","","","","","","","","","","","","","","","","","","","","","","","","","","","","","","","","","","","","","","","","","5.41901497104565","","","","","5.54816003066433","5.37825373243904","","","","5.52719371969861","","","","","","",
"Uzbekistan","UZB","Agricultural irrigated land (% of total agricultural land)","AG.LND.IRIG.AG.ZS","","","","","","","","","","","","","","","","","","","","","","","","","","","","","","","","","","","","","","","","","","","","","","","","","","","","","","","","","","","",
"St. Vincent and the Grenadines","VCT","Agricultural irrigated land (% of total agricultural land)","AG.LND.IRIG.AG.ZS","","","","","","","","","","","","","","","","","","","","","","","","","","","","","","","","","","","","","","","","","","","","","","","","","","","","","","","","","","","",
"Venezuela, RB","VEN","Agricultural irrigated land (% of total agricultural land)","AG.LND.IRIG.AG.ZS","","","","","","","","","","","","","","","","","","","","","","","","","","","","","","","","","","","","","","","","","","","","","","","","3.16805046616262","","","","","","","","","","","",
"British Virgin Islands","VGB","Agricultural irrigated land (% of total agricultural land)","AG.LND.IRIG.AG.ZS","","","","","","","","","","","","","","","","","","","","","","","","","","","","","","","","","","","","","","","","","","","","","","","","","","","","","","","","","","","",
"Virgin Islands (U.S.)","VIR","Agricultural irrigated land (% of total agricultural land)","AG.LND.IRIG.AG.ZS","","","","","","","","","","","","","","","","","","","","","","","","","","","","","","","","","","","","","","","","","","","","","","","","","","","","","","","","","","","",
"Vietnam","VNM","Agricultural irrigated land (% of total agricultural land)","AG.LND.IRIG.AG.ZS","","","","","","","","","","","","","","","","","","","","","","","","","","","","","","","","","","","","","","","","","","","","","","","","","","","","","","","","","","","",
"Vanuatu","VUT","Agricultural irrigated land (% of total agricultural land)","AG.LND.IRIG.AG.ZS","","","","","","","","","","","","","","","","","","","","","","","","","","","","","","","","","","","","","","","","","","","","","","","","","","","","","","","","","","","",
"World","WLD","Agricultural irrigated land (% of total agricultural land)","AG.LND.IRIG.AG.ZS","","","","","","","","","","","","","","","","","","","","","","","","","","","","","","","","","","","","","","","","","","","","","","","","","","","","","","","","","","","",
"Samoa","WSM","Agricultural irrigated land (% of total agricultural land)","AG.LND.IRIG.AG.ZS","","","","","","","","","","","","","","","","","","","","","","","","","","","","","","","","","","","","","","","","","","","","","","","","","","","","","","","","","","","",
"Kosovo","XKX","Agricultural irrigated land (% of total agricultural land)","AG.LND.IRIG.AG.ZS","","","","","","","","","","","","","","","","","","","","","","","","","","","","","","","","","","","","","","","","","","","","","","","","","","","","","","","","","","","",
"Yemen, Rep.","YEM","Agricultural irrigated land (% of total agricultural land)","AG.LND.IRIG.AG.ZS","","","","","","","","","","","","","","","","","","","","","","","","","","","","","","","","","","","","","","","","","","","2.88298951640176","1.9961693977442","2.86539032983826","3.04808060196404","3.2674482583485","","","","","","","","","","","","",
"South Africa","ZAF","Agricultural irrigated land (% of total agricultural land)","AG.LND.IRIG.AG.ZS","","","","","","","","","","","","","","","","","","","","","","","","","","","","","","","","","","","","","","","","","","","","","","","","","","","1.58735073433033","1.66123643306286","","","","","","","",
"Zambia","ZMB","Agricultural irrigated land (% of total agricultural land)","AG.LND.IRIG.AG.ZS","","","","","","","","","","","","","","","","","","","","","","","","","","","","","","","","","","","","","","","","","","","","","","","","","","","","","","","","","","","",
"Zimbabwe","ZWE","Agricultural irrigated land (% of total agricultural land)","AG.LND.IRIG.AG.ZS","","","","","","","","","","","","","","","","","","","","","","","","","","","","","","","","","","","","","","","","","","","","","","","","","","","","","","","","","","","",
